author,channel,cid,heart,photo,text,time,votes
MonoFootball,UCPUlfPzDPe1XeO-cWMl5HJg,UgwJAxrgmGYBAtnoCSt4AaABAg,0.0,https://yt3.ggpht.com/NoX19t-dE9nLfGdnnJIMMMGgjiwKl7IGxLRBZ1UQRB2frxTPJZNQatYu1fgBG9zEb5fx1oym=s176-c-k-c0x00ffffff-no-rj,Your Like & Subscription - My Motivation üôÇüëçüèª,1 month ago,58
Rizwan Shaikh,UCqYqzzFdVA0bKHJM9i9UzjA,UgyMVOu67onZruvNcZh4AaABAg,0.0,https://yt3.ggpht.com/GBS9dvqJCUdnhjcBZ4k_P3lYX8YGZatVYGIH34KKzcRAlRjvNSyGxQcwDIFBk_O2DXhsBRq5QT0=s176-c-k-c0x00ffffff-no-rj,Thiago doesn't want another haaland to dominate football in 20 years timeü§£,1 month ago,312
The strangest artistüé®,UCj7DKx22mFifNgNW9TR2B6g,UgyQyxvDnCxThhuTZHZ4AaABAg,0.0,https://yt3.ggpht.com/jV5NIFC2aTBExq1cTGQcSM3sgpnoxQT3lQq4uwxfnbGZfSwyjlkSQvT9f1j-cjvsjDJYRjut=s176-c-k-c0x00ffffff-no-rj,"4:19
Little did he know he scored the easiest goal that season",6 days ago (edited),2
Dr. Ian Leizrev ‡∏á,UCEWNdqKHl_v7ADWwjoTAhSQ,UgwxHZ4hLRuCHlsd25R4AaABAg,0.0,https://yt3.ggpht.com/ytc/AMLnZu98EkhGCKTPfXuqScrN-mgk4GxFfyi7DLPfQDPOTQ=s176-c-k-c0x00ffffff-no-rj,2:17 Props to the photographer who caught the Haaland-Thiago moment. That was very fast.,2 weeks ago (edited),5
Adebola Adesupo,UCAEb_cUnLDNP_Skyo_00vyw,UgxUDGM6FuaiMhPuvEV4AaABAg,0.0,https://yt3.ggpht.com/ytc/AMLnZu-wHkPaIFOzucHoDi9XpOu3jQLNKS-9_AoS-BJXgw=s176-c-k-c0x00ffffff-no-rj,Klopp's faceü§£ü§£ü§£,1 month ago,60
egg,UCiw4xlqumG52myYnGPB7ppA,UgzRUPEQrZS3jhBf0vV4AaABAg,0.0,https://yt3.ggpht.com/PeupKOCznSfTl2YdUUsdokP2maM3GHGVLqDQ8IRnjPDy78MWtmFQehPaWKv-qRtS0k25ozwhcA=s176-c-k-c0x00ffffff-no-rj,Thiago can control 3 balls at onceü§£ü§£ü§£,1 month ago,45
BakLoL Bakri!!,UClceMKUc5axYBpr8v_N9Z4Q,UgzY6DPi5dLZQzK1xvp4AaABAg,0.0,https://yt3.ggpht.com/qVCDvpdHQPFFgPW5kfYsRoo33o6OWNBkyOrz7qs8jXyXRVmYo1uSmc8ZEcA-ev4n_q88SeYEZw=s176-c-k-c0x00ffffff-no-rj,Grealish just lifted him up like it was nothing lol,1 month ago,8
Kick-Off Files,UCeXiDfjcJtrLB-7FG1wRVLA,UgxxI68Z0gMFK7j4nL54AaABAg,0.0,https://yt3.ggpht.com/hlZOcHRK4R-RZOAhpB_bGtWiLpyzk036Q3Y5xOVYAviqgmF0sCfRQQbB0AhmNC-Jo4N-3lnvAQ=s176-c-k-c0x00ffffff-no-rj,Mourinho and Klopp are really funny and unique coaches!,3 weeks ago,0
rapidffx,UCQ467FLK3YLy3tyrdLlitNA,UgzH2bP2sXeZS4ky47F4AaABAg,0.0,https://yt3.ggpht.com/N5Phpbq6VndAx9LyRjZknP7j_df_JJKoLzL6j8ChpQuzS9ZN_DT21rqBZ68ABrVrFZfFeZpzWA=s176-c-k-c0x00ffffff-no-rj,5:41 Is Unbelievable The Keeper Dived EarlyüòÇ,1 month ago,16
Naren Maharaja,UCVcbVbvWK1FpVnpxsFatGOw,UgzxdU7zHLYGqDwtXKt4AaABAg,0.0,https://yt3.ggpht.com/ytc/AMLnZu9OfaY9q1GWyKzly4YvBAMhq6WZIaBkllIb1g=s176-c-k-c0x00ffffff-no-rj,"Haaland , the real MAN OF STEEL üòÇüî•",1 month ago,18
white da poet,UC8UCgdXpTxHVFjEhI4LsO_Q,UgzvYxNne0A7r6_KoMV4AaABAg,0.0,https://yt3.ggpht.com/f8FQGb1ycuGLcq8Fm2H2XLYMfy0K62UNqpM_N4dinc7ApqcPLHieEmbQWWk9cZb894oX1-ymzg=s176-c-k-c0x00ffffff-no-rj,I have witnessed that last one on this video while playing football with my friends in Zaria samaru in Northern Nigeria üá≥üá¨üòÇüòÇüòÇ,1 month ago,6
Kazimierz Zelek,UC5ghzZ3IrG0xrUYsCOWamYg,Ugx1KU6pw-Ol4OG4mhB4AaABAg,0.0,https://yt3.ggpht.com/ytc/AMLnZu-brN9UORRrxpjXaPSaV77KoxfVEbVquAPLCA=s176-c-k-c0x00ffffff-no-rj,Adam sie nie przestawi lubi macac centy Boze swiety.,1 month ago,5
Ken pub,UCCEfr-uVJ5RPqzzM0MMbZ5w,UgxbymPr7eSomi0FgcZ4AaABAg,0.0,https://yt3.ggpht.com/2Ope1hpYk2DqGoT4B2w5Y2EpazNm2YhQFnyOs2OazMG8XFqdzzckw_cD9FegWxl9niaVZi3jxw=s176-c-k-c0x00ffffff-no-rj,Klopp's moment so funny üòÜüòÜüòÜ,1 month ago,4
It's_I S M I L E_MK,UCeLAsO4SFxnGS67Kclwc9dQ,UgyM_FvVrWlwz9Zr9_54AaABAg,0.0,https://yt3.ggpht.com/O4AJxL1ZIzlKuHKW0cOAhJHTygCgYQBXnb3Z5LVFgm98XkkwP6MODM20y-LjF7U3-UIYDSwv6AM=s176-c-k-c0x00ffffff-no-rj,On 6:10 that was epic celebration ü•≥üéâüòÜü§£ü§ù,1 month ago (edited),27
AF Football Studioz,UCrZ8AFWDoxwnExcS7N38mSg,Ugx0cnJyNs5iWkcV32N4AaABAg,0.0,https://yt3.ggpht.com/8iHCMsl03fFGH4Zk3hANRfheN14dkCPtbds8xHKIgWGirRhQKZO2a-cRQeppJ2qDLtunG9nN=s176-c-k-c0x00ffffff-no-rj,LOL Balotelli can't even wear his own training bib üòÇ,1 month ago,8
„ÄÇ„ÄÇ,UCDY1TfqJXzTpxDHC7FyJvcw,UgxsjSREdyoaFFbLsh94AaABAg,0.0,https://yt3.ggpht.com/RXHAr2QD7uoKP7HSxKf0D6HTXHtGc1EAMYdrwVvKlMlSpvasV1gYSK9bnTsqCRtv7vCsIKjdvw=s176-c-k-c0x00ffffff-no-rj,0:46 „Åì„ÅÆ‰∫∫„Åü„Å°„ÅÆÁ¨ëÈ°îÂ§ßÂ•Ω„Åçww,4 days ago,0
Nicolas Navarro,UCqsT3U0_Czim45sh9CDvv7Q,UgztxoiXDm5alGywMXN4AaABAg,0.0,https://yt3.ggpht.com/ytc/AMLnZu8TgXVJp1KNIFniqFXVCMsOpZyJ6oYlZ-hTio8g8v3DljVsq7vGqLAtYTZGHApU=s176-c-k-c0x00ffffff-no-rj,"0:00 Ese Marcos Lopez, jugando y divirti√©ndose y disfrutando del f√∫tbol neerdanles",1 month ago,19
corryzianna,UCiDiISd7Zq9xzZfoUNVDqwQ,Ugxo4Itb819rmHdmyP54AaABAg,0.0,https://yt3.ggpht.com/Zxf1g4qeuZanU7Ea6DcbiHs6UjVUDqpNhCzj40pKriFMoLqJGIsFc3UEcsUXGSEHjzM6kiSYUS0=s176-c-k-c0x00ffffff-no-rj,le mec qui gal√®re en enfiler une chasuble m'a tuer,3 weeks ago,1
CyraxVIII,UCWP_w1lB9VwjPLepk8k0pAg,UgzHJB5XDek-TbBBtH94AaABAg,0.0,https://yt3.ggpht.com/ytc/AMLnZu9WvDgMIKzOjjncgtg2DCyC7S2tF3nPaWIq4HL0=s176-c-k-c0x00ffffff-no-rj,0:03 Pongracic best friend from Maguire üòÇüòÇüòÇ,1 month ago,4
L Lawliet,UCmQs0Z_yZABsap5-axzCKkw,UgwYmKyXg4H1wh24BCh4AaABAg,0.0,https://yt3.ggpht.com/rfEsGs0YLlQJJpgEpoN2bLDO8xPPet8V9rWhP9RCz-9-DGY7FMairQrkpjyhFJ6BKSODLWKN=s176-c-k-c0x00ffffff-no-rj,Haaland walked away like nothing happened or else some players would dive for that too. Kudos to Thiago for not getting injured after kicking iron balls,1 month ago (edited),0
jayngo26,UCWLOfkvmuOEQf9w0u9y5R8A,UgwBcoiDX5Bvn8CKyIx4AaABAg,0.0,https://yt3.ggpht.com/ytc/AMLnZu9UdkBX2UNO_BvdWOWHti3UhuzECuQpSyfpvu5x=s176-c-k-c0x00ffffff-no-rj,Edwards ran through almost the whole defense!,8 hours ago,32
Joe B.,UCJNuYdADHNER6kwURhCskYw,UgytQLouws_e3zCIFld4AaABAg,0.0,https://yt3.ggpht.com/ytc/AMLnZu_-NoJgR8MDvAS3-HKspwCV1zDYmtL-xWiGWTSS=s176-c-k-c0x00ffffff-no-rj,"Being a Michigan fan, I first want to congratulate Purdue on a helluva fight! You guys play with heart and are tough! Next I want to send my love to my team baby, GO BLUE!!!! baby!!! You guys control your destiny, go get that NATTY!!! üíõüíôüôÇ",8 hours ago,36
Janet Partyka,UCZDpvHa4YdxIOFNtPA3AzhA,Ugxv5uyXlnNUASzFPHZ4AaABAg,0.0,https://yt3.ggpht.com/ytc/AMLnZu9nmWHQ4W8tVBLL45uY68ApNPXtD3G3-Lb0cQ=s176-c-k-c0x00ffffff-no-rj,"Congrats. to Purdue, it was a hard fought game. Prayers for O'Connell and his family. From, The Michigan Family",8 hours ago,19
Negele Farrah,UCeY4z3MvnbgA4alCqOgsR_w,UgyUSQZD5-QU-XqlC_V4AaABAg,0.0,https://yt3.ggpht.com/ytc/AMLnZu8FkSYu11rXOyY6ZgNxVR3ctBhCbtIwbg6-xpOWq_ureoKyQUHx1oel2SsAzpl2=s176-c-k-c0x00ffffff-no-rj,"For the first time in program history, Michigan has won 13 games in a season.
Now there are just 2 goals left in this season.
1-win No 14 in the CFP  semi-final against whoever.
2-reach the national title game, hope it's a rematch with Georgia, get that win and cement yourself as the greatest Michigan team ever and the only team in Big 10 history to go 15-0 in a season.",8 hours ago,31
Colonel Stinkfinger,UCBtzaZU5fzUKSLQhjjNeaAA,UgwvTHWEdO5x2dIJ1R94AaABAg,0.0,https://yt3.ggpht.com/ytc/AMLnZu9n-0yAVesMHVnREpDo8WYcxW-Qxh1aS-Dbpdrv=s176-c-k-c0x00ffffff-no-rj,The Edwards run was so awesome they had to show it twice,6 hours ago,7
Paul Dendinger,UCniIhTfGVbe3bxdqSXJvOZQ,Ugy7_dqXdgFCuWugUqB4AaABAg,0.0,https://yt3.ggpht.com/ytc/AMLnZu-MIsULOBXvBaJ-h1Y1Mrg-RNPKSmGBHoVvzw=s176-c-k-c0x00ffffff-no-rj,Congratulations to Big Blue! B2B and 13-0!,8 hours ago,15
Scott K,UCpGKgr7JggeLOPI3c2y0yCg,UgyuCyMvwT_0oqNCN1F4AaABAg,0.0,https://yt3.ggpht.com/ytc/AMLnZu-BQn0eAvWy0yK6QrvJSzlQyqB8Z3h3hvWL=s176-c-k-c0x00ffffff-no-rj,Hail to the victors. Back to back Big 10 champs.,8 hours ago,6
Dutch Oven der Linde,UCJ6hzOTATjGg14lrDELiqOg,Ugw0_-JPEb08yGaW2WN4AaABAg,0.0,https://yt3.ggpht.com/yiCjCIXzyUWl60vqTbygufeqjD3whYk_JVnpu2-Gh__TRXikIVPx-ZuVX-YajeIP7ASqmQ-5BYA=s176-c-k-c0x00ffffff-no-rj,IT‚ÄôS GREAT‚Ä¶TO BE‚Ä¶A MICHIGAN WOLVERINE!!!,8 hours ago,14
JDawg 17,UCcjG4soLCwhZyqCvT2YfvVQ,Ugy7IoqAlktjIijEZMd4AaABAg,0.0,https://yt3.ggpht.com/ytc/AMLnZu_5j1dSnXd7Km-eYsPz3gtLQlTXx3ZTUZ-9n4Q1eQ=s176-c-k-c0x00ffffff-no-rj,Hard to believe that this is Michigan‚Äôs first ever season with 13 wins.,8 hours ago,28
*****,UCMSS9kP0kJckQ9MNn5PtoSA,Ugxrl46OzJmfFxSBrQF4AaABAg,0.0,https://yt3.ggpht.com/ytc/AMLnZu8FFhy9pv10gg7CggtteeZU-nErs1IiYONtK1Zkqg=s176-c-k-c0x00ffffff-no-rj,Ann Arbor and The Michigan Wolverines are ready to win The National Championship!!,8 hours ago,19
Jorge Espinosa,UC4BWVZy7xDoQT1_ARWzDraA,Ugw6uyaWJoaAC8LNF0V4AaABAg,0.0,https://yt3.ggpht.com/ytc/AMLnZu9lbkyrI6NZ4r6fgClsSyvrT-6QQJCsZcdCgw=s176-c-k-c0x00ffffff-no-rj,"Give Michigan credit: They come out to play smash mouth football after halftime.  The Halftime adjustments are now well known, but the coaching staff is doing wonders, motivating the team to a higher level of play.",6 hours ago,1
kokoleka808,UCZ-uAwK8WogMMPanpPjpH3Q,Ugw8wmaO8GizjejWY2h4AaABAg,0.0,https://yt3.ggpht.com/ytc/AMLnZu-FBmuq2YgOsY2D02xThi3yHtIte3WCaSxMLNHuCw=s176-c-k-c0x00ffffff-no-rj,Michigan has so much talent that they convincingly beat the #2 team in the nation (Ohio State) and won the B1G Championship Game without their top running back Blake Corum.,8 hours ago,6
Regina Jackson,UC46-nWmRWPETaCW0KRxXntQ,UgxnuRfnHayGdJ1iqqp4AaABAg,0.0,https://yt3.ggpht.com/ytc/AMLnZu-O_vNRm8rGqWJ-ML_ctCbKb-ExplspBUWHwOBLi8RUeFSOcRqN_8N2fT-XnE60=s176-c-k-c0x00ffffff-no-rj,"Congratulations to Michigan going all the way üëè, Go Blue",52 minutes ago,0
Janet Partyka,UCZDpvHa4YdxIOFNtPA3AzhA,Ugzq7o0DLHzvqvyOfct4AaABAg,0.0,https://yt3.ggpht.com/ytc/AMLnZu9nmWHQ4W8tVBLL45uY68ApNPXtD3G3-Lb0cQ=s176-c-k-c0x00ffffff-no-rj,"On one of the plays, Donovan ran around 7 Boilermakers. Nice job Defense.",8 hours ago,1
Robert Lindsay,UCVamFF4jJaAn9dfXIE0zsew,UgwVNZKXp5oHYCQOugB4AaABAg,0.0,https://yt3.ggpht.com/ytc/AMLnZu8EbrqRGUEkIWdWqFjO-ZCK5ahhM7kwWuy2jQ4xvA=s176-c-k-c0x00ffffff-no-rj,Big Ten Championship üèÜ. Go Blue üîµ,8 hours ago,6
It‚Äôs the one that says bad mother Fucker,UCP2ITqmjDYZ5Qr48ONhROew,Ugwyrrf2U8IFWH0Kb9Z4AaABAg,0.0,https://yt3.ggpht.com/LadcCTxhbLE1enRPTwjEyCgnUUlLgJ1gsziLjWw1PgYc23wEtA195qrfto-9LYgf2wcLak4N=s176-c-k-c0x00ffffff-no-rj,Congratulations to the Wolverines for not falling to the spoilermakers,1 hour ago,0
K N,UCyiDp9mVMpp8FnTy6TnVa_Q,UgzVXlqlTj6koVvus2h4AaABAg,0.0,https://yt3.ggpht.com/ytc/AMLnZu_AI9E_xGtisCwnfPRghhpwpip6cuUH6o87kw=s176-c-k-c0x00ffffff-no-rj,"According to the US News and World Report state rankings, Ohio is ranked #36 out of 50 - Michigan is ranked #38 out of 50. Congrats on the win!",8 hours ago,0
TopShelfPicks,UCIxLuC4lECKV_9OgWqVwbnQ,UgxvMWzCQYUrQ-SEVBZ4AaABAg,0.0,https://yt3.ggpht.com/tzQdJcxfIZR7bXFLilAo7XnI9vTLOG7lp8jAz0-8ta9PFfXHRQMYhwzxHK-DH-zb89RxGKAB=s176-c-k-c0x00ffffff-no-rj,Go Blue!!! Leaders & Best!!!!,8 hours ago,7
Millionaire,UCE1Xpzg1Z8kCr_ZjJlHbbkQ,UgzS7BMmNPwGVQ2258R4AaABAg,0.0,https://yt3.ggpht.com/t2mTgvbRxnwBDlvJJ_FqsL-2Gctjn3WDGaT2Eu8tinUw1tKiw1p1y-QWErFRvnKhkqUk1GXbzw=s176-c-k-c0x00ffffff-no-rj,"I would love to see the conference champions duke it out for the National Championship. Michigan, Georgia, Utah, Kansas St. is my 4 for the playoff.",8 hours ago,3
Street Disciple Entertainment,UCMak4-evTVTlQuXj-jZrDRw,UgxxU3hVxPSLSLDYyTV4AaABAg,0.0,https://yt3.ggpht.com/ytc/AMLnZu8rXBz5HGjz2WEXybFvRFxhM9fvHqmJyoQz8hQe=s176-c-k-c0x00ffffff-no-rj,How you throw for 68% & 366 yards but 0 touchdowns that shii wildü§£,1 hour ago,0
Kieran Brown,UCtg9Di0mubuM_Cpw9OTRaDQ,UgwQd3cBDf6abpbjWuZ4AaABAg,1.0,https://yt3.ggpht.com/ytc/AMLnZu_HYltpA6tq9wlXo47ST4nL_4iivn17MlNP5jLfYg=s176-c-k-c0x00ffffff-no-rj,love it mate! - the link up finally happened!! lets film some more stuff soon!,6 months ago,305
Fedora_the_explorer,UC2YO3E7jFWHPBtw-idUMJrg,UgzIn-8bnU46ccY29_x4AaABAg,0.0,https://yt3.ggpht.com/qqjtVTp3386az6RqNOHOpirHqxomV-Isse6d8Tz_vtbAU2FRrNtU0Of7flQ52zlmAGI9XAgFItw=s176-c-k-c0x00ffffff-no-rj,Your the absolute best football ‚öΩÔ∏è content creator out there loving itüëå,6 months ago,32
Kylie Mortensen,UCwwciIt0i3G7UYSlFkmynbw,Ugz867TKocTyXvdb1ox4AaABAg,0.0,https://yt3.ggpht.com/ytc/AMLnZu_M1mSGxXioizSRneqXQq02ZZa_104JmL1swvrVFbB7QtxMk0AyGtjRXjlqKys_=s176-c-k-c0x00ffffff-no-rj,Adam scored the best goal in the 2 touch challenge,2 weeks ago,1
Craig Timpson,UC-89JKK3U6JLQp_oiDk7UCw,UgyOp76lLAmgbGRFZJl4AaABAg,0.0,https://yt3.ggpht.com/ytc/AMLnZu94Cfb0m1hB0ZXErRZN5SiopEc4X5aTiC4WrWnM8USrBuxRwavGhOW4HDn1rLzm=s176-c-k-c0x00ffffff-no-rj,Adam scored the best goal in the the two touch challenge,11 days ago,0
Panda(BasketBallmen),UCguOPv7QWt1LOBY9qvk9uow,UgzqFuFbSRJFMCybDjZ4AaABAg,0.0,https://yt3.ggpht.com/sFUNRkEuKSbFTz7Z_Caka0z3sQsWSgJRmFByfMGOd1OGroclxnOxTb_Yv9GxYFpdq0FaRwNsfV4=s176-c-k-c0x00ffffff-no-rj,when you upload our days get better! üíñ,6 months ago,14
Farique FB,UCwdN2rCT8tPHfnQArAnVEWQ,UgzoxRDxOqLdjvyISqF4AaABAg,0.0,https://yt3.ggpht.com/rKDGCyB8UQcWi4lWmQ5LG4E5McxIvxWEtwwUiMrrephvGhamT40QJFnE_B1gRGjD_06GiksEnEo=s176-c-k-c0x00ffffff-no-rj,I loved the Kierran Brown shots,4 months ago,4
Akshaj Srivastava,UCaRkNd1DcawYMY3IWPmPnxg,UgyJv9KmGJp5-nfoif54AaABAg,0.0,https://yt3.ggpht.com/ytc/AMLnZu8svU0ksz4Ao45a6x4PcnLdKH3LwbTVYsLrvQG41xw=s176-c-k-c0x00ffffff-no-rj,Savva's two touch challenge first 2 goals shot like a freaking bullet,6 months ago,14
Memeschannel1,UC-NQ1PUap4cDE3l_h53zK2Q,UgyK92PO6h0BDWRywuh4AaABAg,0.0,https://yt3.ggpht.com/sYkFE_0-9-H6WWCDS9fR4lXXoac1Dpc8ynyGZJhoJ3T1pkRi1_AHKhQk05JkSxT-urZnzSOp=s176-c-k-c0x00ffffff-no-rj,",,Why,why,why you did leave me"" I cannot stop laughing! Hahaha",6 months ago,10
‚≠ïÔ∏èFree Robux On My Profile,UCn5oP31gtOkpZfXxpR3LAnw,UgzQ-CdUB5PfRw70yRF4AaABAg,0.0,https://yt3.ggpht.com/QTHjtxg26mrEabqpukvSlQyaDsEdjDSz7JgnaWRvl7UJkSKm65fX6_MJT9BFG8JF3Rqldu3gvRM=s176-c-k-c0x00ffffff-no-rj,"Keep up the great work Bro! This is soooo epic, I love your videos. Thanks for keeping us entertained!",6 months ago,22
Jose Arango,UCBRA85WoIEFMbh4iKARRWVg,Ugwxnr9MpxoSZoUGMIx4AaABAg,0.0,https://yt3.ggpht.com/ytc/AMLnZu969VTc6mxnu9U_IbKj4UfaAz17PzFUiqW-Sg=s176-c-k-c0x00ffffff-no-rj,Sv2  was so funny on the fourth challenge because he did some kinda handstandcartweel it was so funny because I was laughing for like 3 minutes,4 months ago,11
Ronaldo suuuu,UCiG8qIdQEEkfe_FsKG5v-Fg,UgzJpizwzZMgVPj_3BV4AaABAg,0.0,https://yt3.ggpht.com/8vt_Fi3pujSSd8vGua2mUffBn5CdVz3moXxE3TLSyliM6QO9s-17SxYrueIoBJ5e-fFPaFDu=s176-c-k-c0x00ffffff-no-rj,I like your video‚Äôs so much that I can‚Äôt stop watching them,1 month ago,0
Krilzz,UCwc72xT6zq_1d85xI4MFoRQ,UgyltBF5txmQZVrnTdd4AaABAg,0.0,https://yt3.ggpht.com/61a-LFdIveJbIo9daub1cgjPy9R_R_CJ15TWLdZjK2LhBNgWgr21iyzbmerKKqqlcLZFF3GLIQ=s176-c-k-c0x00ffffff-no-rj,SAVVA YOUR SHOTS ARE MAD INSANE BRUV!,6 months ago,13
Shohib Gharwal,UCdLiWEU-QLKwlq2DNNicBEw,UgwHtkmHOBv6dI5dycZ4AaABAg,0.0,https://yt3.ggpht.com/ytc/AMLnZu-C2W8xLEeASqpQlz9OTCdVAYVUWTmNChZJHA=s176-c-k-c0x00ffffff-no-rj,Eman is so funnyüòÇüòÇ,2 weeks ago,0
emmawilkins91,UCM7eKIq86WAzebSbQSxsmkg,UgwqIcy9Kn1oTpCIyzF4AaABAg,0.0,https://yt3.ggpht.com/ytc/AMLnZu800Gxhr5dXMRxiZM6WMn6C0s0OtNKnTG161g=s176-c-k-c0x00ffffff-no-rj,Adam by far had the best shot,6 months ago,5
Yahya Baller,UCahVtXARS1yn5ZSKlLMmSAg,UgyK8rexaINCDrW4E7J4AaABAg,0.0,https://yt3.ggpht.com/ZIpCcioqfpEuE01CEl555LB1OCQMorThjPN6S6hS8uKkwD0fgbh_PzUtYaMZuZ5Ip8BVToDL8Q=s176-c-k-c0x00ffffff-no-rj,Sv2 with another bangerüî•üî•üî•üëë,6 months ago,8
Mary Folake Olanrewaju,UCHdkbBpDGQ-la5dnerhziDg,Ugx5WHGBUJFJlsJ4rgp4AaABAg,0.0,https://yt3.ggpht.com/ytc/AMLnZu-kqFseoMlQsWToeFcuoaIVXyxHtGbHLCDB2NXx4A=s176-c-k-c0x00ffffff-no-rj,Lovely Video Sv2 big fan Never fails to entertain us,6 months ago,6
Shohib Gharwal,UCdLiWEU-QLKwlq2DNNicBEw,UgwgAOkb-FBKcC8MFMZ4AaABAg,0.0,https://yt3.ggpht.com/ytc/AMLnZu-C2W8xLEeASqpQlz9OTCdVAYVUWTmNChZJHA=s176-c-k-c0x00ffffff-no-rj,When He said  Why did you leave me after he misses so funnyüòÇüòÇüòÇüòÇüòÇüòÇüòÇüòÇüòÇüòÇüòÇüòÇüòÇüòÇüòÇüòÇüòÇüòÇüòÇüòÇüòÇüòÇüòÇüòÇüòÇüòÇüòÇüòÇüòÇüòÇüòÇüòÇüòÇüòÇüòÇüòÇüòÇüòÇüòÇüòÇüòÇüòÇüòÇüòÇüòÇüòÇüòÇüòÇüòÇüòÇüòÇüòÇüòÇüòÇüòÇüòÇüòÇüòÇüòÇüòÇüòÇüòÇüòÇ,2 weeks ago,2
Slmonetta Pantarotto,UCjOp0FXfIJDfPkoJCuHz0qQ,Ugx8-kjAK-EqYyMhkv94AaABAg,0.0,https://yt3.ggpht.com/ytc/AMLnZu8pfXolCsvOlkiogdK8Zfgt3wqDP1Yj0F2MRkC5MR81Ry8TG6Wef0z1Hg5qoVjZ=s176-c-k-c0x00ffffff-no-rj,dami scored the best goals on the two touch chalange,3 weeks ago,0
Nuri Batman,UCt3pj4c1OjoUzztpjcEiZkg,UgwInqBb-1et8QAshiF4AaABAg,0.0,https://yt3.ggpht.com/246CdPjD4MQwuSCyIw7xncYYxxV_6KZtsMuJ8kzot-ikVjAdlvfp42StA7Nn4Oc9oaslHjTVeQ=s176-c-k-c0x00ffffff-no-rj,imagine they opened that coke bottle,6 months ago,3
SAVVA,UCvOuHiYfF8JtzwhK39hnuGA,Ugyao4dicnlp2CKfc854AaABAg,1.0,https://yt3.ggpht.com/ytc/AMLnZu8J56o9JV73jlBTuvi-R_oLfBd4VAITjI0w36ShVQ=s176-c-k-c0x00ffffff-no-rj,BEST VIDEO EVER üî•üî•üî•üî•,6 months ago,148
KAMPUNG GUHA,UC2KNDnQx8W5YdRQAezLfoEA,UgwmQBGjCVP7Wfo-ZLV4AaABAg,0.0,https://yt3.ggpht.com/ytc/AMLnZu9B-cOX0dSuqc1crb9nqSxYIirRbx7a9MJNKVLn=s176-c-k-c0x00ffffff-no-rj,Why thumbnail,1 day ago,8
mike berg,UCyWV08mbpIYu4FzgaEi6mHw,UgwH1-xF3QWiiBqOdb14AaABAg,0.0,https://yt3.ggpht.com/ytc/AMLnZu9SrQoNH8I7TOYIw7uUC4hdRtLp4c_gFgETNg=s176-c-k-c0x00ffffff-no-rj,4:27 what a freaking control ..,11 days ago,9
Telen Khaidem,UC4jUTLyt71xH_OwnGVVAkzA,UgyL2572dldYqt4uNY94AaABAg,0.0,https://yt3.ggpht.com/ytc/AMLnZu-FMwMmYi_pz1ilw6w4fLlXCXEO78ipKkCfK3Saa7r3IDfzjk31zFz8SYjkMbvR=s176-c-k-c0x00ffffff-no-rj,My respect to the goalkeeper  who save 16 times üëçüëçand that was also very hilarious to see the opponents shots ü§£ü§£,1 hour ago (edited),0
Agyei Maxwell.,UCKKiLcqiuqPVqOuq-yx-Mtw,UgwNjae36ETVCmORIHt4AaABAg,0.0,https://yt3.ggpht.com/yeoHsR8sxwSAz27nMIe-lxPAlWdb8Y8Ltv1LH3p-VOUly-wM0RczgLMfP9JfwLxjKmVBve_T=s176-c-k-c0x00ffffff-no-rj,Sublime ü§î‚öΩüî•‚ô•Ô∏è,2 weeks ago,2
Beau tracey,UC1tHJLsacRGmeAi75fe2t5Q,UgwwAW2nzgwtqYEsJIZ4AaABAg,0.0,https://yt3.ggpht.com/K2oPJpdNS5yrzzYmBbO6YzMjA8fbcrxoGWUzP5Uy8s4bxD3DujcwpzGvSDxVwI93Al18FfmvwmI=s176-c-k-c0x00ffffff-no-rj,2:09 what a save ü•∂ü•∂,4 hours ago,0
BRESNOV IGLESIAS CR7,UCBgGtUeKzgOBlMatQMUusjA,UgwrE7Q2PnLBbh20-YR4AaABAg,1.0,https://yt3.ggpht.com/ytc/AMLnZu_BkM01xZ7GQC_aVFe1YuyxKcyeTR6872RvZtrPEA=s176-c-k-c0x00ffffff-no-rj,Last goal was really funny sliding through grass awesome brilliant video editing üòÜüòÜüòÇüòÇü§£ü§£üëåüëåüëå,2 weeks ago,7
T√ºnde Eszl√°ri,UCGWPBqYwUMFoKK_uIvQqYMQ,UgykWVOqUk0yi4VH05B4AaABAg,1.0,https://yt3.ggpht.com/ytc/AMLnZu_Bq36mnPWLc-O-ZKKnIZlnORM22sDlF4A2rgH1V0A=s176-c-k-c0x00ffffff-no-rj,Sensational video. üòÅ,2 weeks ago,2
nesswebb1,UCRi3wa9Sp96Xdpn1FlwfPFw,Ugys8NqarHle--yxN554AaABAg,0.0,https://yt3.ggpht.com/ytc/AMLnZu8pneYXMdxOuyTdv4E59kCFvO1pGAdlAPwcqbKN=s176-c-k-c0x00ffffff-no-rj,Arsenals team goal was so good.,36 minutes ago,0
Bobby M. Hart,UCoq_EOWjxcrvdfPQO8sY2bQ,UgxKST0pCnKG8n9n_4l4AaABAg,0.0,https://yt3.ggpht.com/ytc/AMLnZu83xkZjJNng7u2WK3CltOcXXrViSj9hhCiMJnbxfuiTzTLKN81gsfr-rp3N9_6r=s176-c-k-c0x00ffffff-no-rj,Argentina basically had a free goal lol,11 days ago,0
N2N - Incredible Moments,UC8ZqAWGLt91DVySxur8xxug,Ugwxso4IDP-glLn5BTJ4AaABAg,1.0,https://yt3.ggpht.com/ILQjZ6hwp7GGkx4iUVeZuU3FhBlEszYtt2G4-fSPR374iuFJZP5wcE3Ot8qJgCjrivtUKg74ZjE=s176-c-k-c0x00ffffff-no-rj,Love this video so much! I love your other videos,2 weeks ago,0
Beema Shajahan,UC3PafOKhVfi49QAW-r2Y92A,UgxhY2R9thsYdJjAkeR4AaABAg,0.0,https://yt3.ggpht.com/ytc/AMLnZu_oOSpOylxPz2dzCt8GrnO8ojbZyB8NReBV1DLq=s176-c-k-c0x00ffffff-no-rj,Last one is superü§£ü§£ü§£ü§£ü§£ü§£ü§£ü§£ü§£ü§£ü§£ü§£ü§£,9 days ago,1
BURA MAN,UCq-pEQZYyLmZAoFIvVHBFsg,Ugx3w0FV2vCAsHaKM254AaABAg,0.0,https://yt3.ggpht.com/Zo1_Mfjs3_lJIXeAI7ZK5Sg7A4UuFHyT6t9M6LHWQ_NttlnBsd1bMmFgtElxOOh7R59W1fjmLQ=s176-c-k-c0x00ffffff-no-rj,These goal keepers are concrete walls,2 weeks ago,2
Jafar uninstall,UChkSl_P78J4gPqQZ211prJg,UgyVYV4Un0PaYzPQMOZ4AaABAg,0.0,https://yt3.ggpht.com/KRLhEIxAj3uZjACpV9Qf4hlJtdMFGDFohk3XevvfAbTqQmMjqNvfbawlCSUy0-_Glw58lvVpoM0=s176-c-k-c0x00ffffff-no-rj,ŸáŸÜŸàÿ≤ŸÖ ÿØÿßÿ±ŸÖ ŸÖ€åÿ®€åŸÜŸÖ Ÿà ŸÑÿ∞ÿ™ ŸÖ€åÿ®ÿ±ŸÖ.....,2 weeks ago,3
  FootballHP,UCA5tu2KhXn2OFh94-OLtZLA,Ugyr8et2Q5ICdo-iMEh4AaABAg,1.0,https://yt3.ggpht.com/Zz9-iMJUPkVwkYwxqWgGYKMIRJfNFrvjIz1RqduB7K8wR_gp0E-IiuZ3WGKFHs-9qEKG2t4ooaQ=s176-c-k-c0x00ffffff-no-rj,video good,2 weeks ago,1
Kleminho,UCpCH158qYspMKtZlE_1Aedw,UgyBkKxS6v0Qxl7xpiZ4AaABAg,0.0,https://yt3.ggpht.com/ytc/AMLnZu9j4xGt3t5_kcVdkC667gMSUCDwX7BqG24_7_j4=s176-c-k-c0x00ffffff-no-rj,0:58 ü§£ü§£,2 weeks ago,3
Burak Erdoƒüan,UCQFZHGYHO-grV2LMoSPjGnw,UgwOm_XPaNp0EqeYMdh4AaABAg,0.0,https://yt3.ggpht.com/ytc/AMLnZu91h5htY3otT8UVEotnvhotCBNLxTMjm8jaeD5c3eek7GFOWrCx8h7svZAGTAKe=s176-c-k-c0x00ffffff-no-rj,Muslera,13 days ago,1
Izabelsla Poplawska,UCsa8D_yzeYABtf4CuVzZkxA,Ugx4SDUQtud-U7togdd4AaABAg,0.0,https://yt3.ggpht.com/ytc/AMLnZu9G-bNdXoKTJzGNKikXE3QMEa0Trat9FPNfeQ=s176-c-k-c0x00ffffff-no-rj,What is that thumbnail,1 day ago,1
Football Terminal,UCD6frpJW9XH825x7XUKq2ZQ,Ugz-HicEHbR8UsbuooB4AaABAg,0.0,https://yt3.ggpht.com/P1KcgihauNSwOqK8ODu8jf1_1BuPMwckv9pOnC_0dScpRDIXfjvEXD_XCoxzGQ53L8mKbj24pM4=s176-c-k-c0x00ffffff-no-rj,You're always a great watch :goodvibes:,2 weeks ago,1
ECO shorts,UC7OULSJbgeBn4V1D76Vjq_Q,UgzUm35L9ez0z3wXi0V4AaABAg,0.0,https://yt3.ggpht.com/_UKipPqK5EdLP8tHjbB-vvsMNzD-7JiOVr-W2F2UKzc9gaNZsm_5EQwdEP00ZG2Lf74waIia=s176-c-k-c0x00ffffff-no-rj,How our they impossible if people have done it,1 day ago,0
Anna Rooney,UCNYQxJ6kBAUrG8pUsH5JMOw,UgyBP9kRMZQAxIFtto14AaABAg,0.0,https://yt3.ggpht.com/ytc/AMLnZu_j6S-u1wd2QKCMCCApNs8gc6WY8knTDrrV6g=s176-c-k-c0x00ffffff-no-rj,Football,7 days ago,0
@aidiliskandar6002,UCBo4WX0iExl2iGMT0mSjBlw,UgzSA8W8eYnXYI0AHEt4AaABAg,0.0,https://yt3.ggpht.com/ytc/AMLnZu_YR7I70e16561rJWTfnl1zsK2N2OwhJwaCVKlE4hHK8f6vCmuQc_5T6NdsYgK9=s176-c-k-c0x00ffffff-no-rj,So funny headshot goalkeeper,3 months ago,4
@football-soccermoments4837,UCCTKHnfBVV0dx2kPE-nXLYA,UgwcFpoMe5ys3VjXHD14AaABAg,0.0,https://yt3.ggpht.com/cxi5hlENExIhf-RaO6op7ztj47cMsiUE9mt1tdz9kqlqQjRu5gHTd2OMjx6SIRV98LmY8h0onjw=s176-c-k-c0x00ffffff-no-rj,These goals are truly incredible  üî•üî•üî•  Looking forward to more content!,2 weeks ago,0
@ctfv,UCueJs4NLbqopjY0HM5TjwnA,UgwzA7lFeLs3PtCQHPh4AaABAg,0.0,https://yt3.ggpht.com/ytc/AMLnZu-NdUFPBeVCcH6W5oe9lb5iZU_KcSpn565pmZao=s176-c-k-c0x00ffffff-no-rj,5:42 the most chill ref in sports history,2 months ago,4
@dianavelasquez1272,UC2SzTgez8tvKnJO6qA6xMtQ,UgxZegfk-zGrUVj09SB4AaABAg,0.0,https://yt3.ggpht.com/ytc/AMLnZu_vligrZpAsLgc0CI2vAmDb9eNAdxp5-rbAl3dQ=s176-c-k-c0x00ffffff-no-rj,that own goal by the keeper was second-hand embarrassment,3 months ago,6
@footballfun6660,UCs5PD1w2e30MA5i6vJbmgUw,UgwZnsV1agmxAAzg-6h4AaABAg,0.0,https://yt3.ggpht.com/rcSLS7d3POdvxtJ2oFH08iI3RAwaxVqY37rHT5RQGVHfXywDcVTK5DTBMV-VmvXiZfEpHy0Zcw=s176-c-k-c0x00ffffff-no-rj,"This is so cool to watch, you're an expert at this,you bring out the fun in the game of football.",3 months ago,7
@kerbipl,UCbd7Hagp_sHAeTss9fKNJ2A,UgyTj5dy2TVuO7g_KR94AaABAg,0.0,https://yt3.ggpht.com/y9iKo37AYvm5l7k6Td5QcYEgAf0zzwQq2AuxQ7LId__dwsl6uhKPJ2ZEKjLbanjRYjvLiZwa5g=s176-c-k-c0x00ffffff-no-rj,4:30 NAJLEPSZE,3 months ago,13
@user-ft9ru7yu2e,UCLEeMRKIkAydywcpnbqKTxg,Ugyq9eDhUs64wmAyF-V4AaABAg,0.0,https://yt3.ggpht.com/9xnf4ccX1JE877hIRtogYYAA1rQn65HKc7rP5M57hjnp_373pkEwXXdGcQR4ekGXqk4ga3ECWg=s176-c-k-c0x00ffffff-no-rj,4:31 ÏÜêÏù¥ ÏóÜÏñ¥ÎèÑ ÎêòÎäî Í≥®ÌÇ§Ìçº ÏõÉÌîà ÎåÄÎã®Ìïú Ïã§Î†•Ïùò Í≥®ÌÇ§Ìçº,3 months ago,5
@jonathanielquaye3738,UCjLYGS54W-1Nf-WsTIyin1w,UgwDdW63fB5lQ5qaGwx4AaABAg,0.0,https://yt3.ggpht.com/ytc/AMLnZu-j73-J_RKQJ8ag5TkkWNwYDLX7-Lc32FKV=s176-c-k-c0x00ffffff-no-rj,ü§£ü§£ü§£ü§£ü§£ü§£ the headshots to the goalkeeper absolutely hilarious,3 months ago,25
@stefanraus6083,UCg7Hb_dx3-fPcIqhxCXl0VQ,UgwRFmpuo2OZ-SP12GV4AaABAg,0.0,https://yt3.ggpht.com/ytc/AMLnZu8EZTx-R3uev-CcEm3RoEty0aSDRy7uU53W_g=s176-c-k-c0x00ffffff-no-rj,Can you believe that haaland missed that,3 weeks ago,1
@karijo1979,UC_8OFtP7tPCAWka9jzJG1DQ,UgyFc-JBXp_3W-_NFxh4AaABAg,0.0,https://yt3.ggpht.com/ytc/AMLnZu8dHX3j2mjXhUv189Swew-lNq8VwQlk0ikfwQ=s176-c-k-c0x00ffffff-no-rj,Cristiano Ronaldo!!!!!!!! üòÅ,3 months ago,5
@cryphenix3733,UCLMEfyXGYKHUsWIwC8A1srw,UgxJFjMF3xCWyzE1Xl54AaABAg,0.0,https://yt3.ggpht.com/mdtQvgCT6_zZ010MWoO6PkcnWzkM8DtQlcVbAT0E02oby932qvzMP-a_Y4z4lRGZ5RVLI2Cq6sM=s176-c-k-c0x00ffffff-no-rj,Poor goalkeeper he is a safe,1 month ago,1
@kick-offfiles9688,UCeXiDfjcJtrLB-7FG1wRVLA,Ugx40_yfnaKa-MG1N814AaABAg,0.0,https://yt3.ggpht.com/hlZOcHRK4R-RZOAhpB_bGtWiLpyzk036Q3Y5xOVYAviqgmF0sCfRQQbB0AhmNC-Jo4N-3lnvAQ=s176-c-k-c0x00ffffff-no-rj,7:22 so funny!,3 weeks ago,0
@chrispele6926,UChb3yAQWHtuXQL21ESc6J6w,Ugyzz2o7FHjeB6QSYmB4AaABAg,0.0,https://yt3.ggpht.com/7fA2my4viPi9s59trUwi8j0Cjf8b0HAUlcaqepwfLG18D7Z6ZPEuDso_CnTVLu0khPHd033l=s176-c-k-c0x00ffffff-no-rj,Œ©œÅŒ±ŒØŒø Œ≤ŒØŒΩœÑŒµŒø,2 months ago,2
@bitamortazaviravari1848,UCtMICZNCAuXtibolNsfIu_Q,UgyPkR2Q6_ogi-UHAcp4AaABAg,0.0,https://yt3.ggpht.com/ytc/AMLnZu8m158ZkU2w13QKv9rqyAr3VIheJ0cIIIqn7A=s176-c-k-c0x00ffffff-no-rj,Nice vid!,2 months ago,2
@bajurtin4675,UCkxDu254Oz3QlQWRDlNlmVQ,Ugy1oMmt9t9-Vyi9ffV4AaABAg,0.0,https://yt3.ggpht.com/F9aYa0SZbueAY1kLIjHkJ3cwG8-sN5NeMQd9Y7S0ZzvgiAqHqJKpvh9t9PDy-APDkLhC2cHGrz4=s176-c-k-c0x00ffffff-no-rj,offside mesut √∂zilü•¥,3 months ago,3
@calebelpro1063,UCbkXQOKsoy6MmQ_iOqvxqhQ,Ugx8AeoqGRg6QoNNIp94AaABAg,0.0,https://yt3.ggpht.com/UUfpecHgwWzjsbytuVFnhJ4G3aSUmQE4Jf9g6sAX-LBxrfMspjlsQiUnraMJE5Fj3wTMqRCUtA=s176-c-k-c0x00ffffff-no-rj,Pobre portero,1 month ago,1
@ishak9866,UCVkc9HrZ_-lh_ki5_moormQ,UgxZJKRAbaP7AS2RIZp4AaABAg,0.0,https://yt3.ggpht.com/cUKKoRHo-CP0dTz1IMQVDvUyk86uGyVv4SANiAyQ8ofM2AojjSoSyDEisgCyRxsR-6jODxy1LiM=s176-c-k-c0x00ffffff-no-rj,5:01üòÇüòÇ,3 months ago (edited),16
@soccer77v32,UCP4twFYs39AzfFXDgZbI0yQ,UgxVF_WSSrgnT1I5UgZ4AaABAg,0.0,https://yt3.ggpht.com/xh5GGzWlz_NcyQFdQ2eb4J6i7D9BDTFfqGQsnORq0X0Ti4GYmNoepoOTNtXKV5iw6_HuNRXuyE0=s176-c-k-c0x00ffffff-no-rj,wow amazing,3 months ago,2
@marianmatecek792,UC3FsUDBcSrxRZT5QT2euTFA,UgzuKZHJqjzfG2-CUUB4AaABAg,0.0,https://yt3.ggpht.com/ytc/AMLnZu_h6pmIwApDfSYN5r6_--6Ytf-pqDwDjjsP1A=s176-c-k-c0x00ffffff-no-rj,Rip goalkeeper,3 months ago,4
@user-rj1cq5lz5y,UCKtyDl6qj1S17MlyONGxZHQ,UgwRjt_XiBXMtwcIkWd4AaABAg,0.0,https://yt3.ggpht.com/GReeHPjvmj7vj5WuHVkhroT3duMDVsscjbEwMyisIJUFmLDtmpUbGN1KhjYfmvkQv4_rhVmphw=s176-c-k-c0x00ffffff-no-rj,Leuke video,3 months ago,2
